{"stats":{"minecraft:used":{"minecraft:water_bucket":146,"minecraft:stone_sword":28,"minecraft:white_tulip":6,"minecraft:stone_pickaxe":6,"quark:jungle_chest":1,"minecraft:wooden_pickaxe":108,"quark:lavender_blossom_hedge":3,"minecraft:torch":4,"minecraft:diamond_block":1,"minecraft:dirt":45,"minecraft:crafting_table":1,"everycomp:ch/goodending/thin_muddy_oak_planks":4,"chipped:shuttered_waxed_weathered_copper":27,"quark:lavender_blossom_sapling":1,"minecraft:birch_fence":65,"minecraft:creeper_spawn_egg":3,"chipped:special_gilded_blackstone":1,"minecraft:apple":2,"minecraft:birch_fence_gate":5,"minecraft:dark_oak_log":9,"minecraft:grass_block":66,"minecraft:melon_slice":6,"minecraft:spore_blossom":24,"minecraft:dark_oak_slab":59,"sophisticatedstorage:chest":15,"supplementaries:rope":2,"minecraft:flowering_azalea_leaves":145,"minecraft:bamboo":19,"minecraft:stone_axe":37,"minecraft:cobblestone":78,"minecraft:black_stained_glass":7,"minecraft:mangrove_roots":6,"minecraft:oak_sapling":2,"minecraft:furnace":1,"minecraft:dark_oak_fence":53,"minecraft:bucket":2,"quark:oak_chest":2,"alexsmobs:animal_dictionary":1},"minecraft:dropped":{"minecraft:white_tulip":2,"minecraft:mangrove_roots":1,"chipped:special_gilded_blackstone":1,"minecraft:spore_blossom":2,"chipped:shuttered_waxed_weathered_copper":1,"minecraft:creeper_spawn_egg":2,"minecraft:cobblestone":1,"minecraft:rotten_flesh":1,"everycomp:ch/goodending/thin_muddy_oak_planks":1,"minecraft:glass_pane":1,"quark:lavender_blossom_sapling":1,"minecraft:diamond_horse_armor":1,"minecraft:diamond_sword":1,"supplementaries:rope":1,"minecraft:stone":1,"minecraft:dark_oak_log":1,"minecraft:shield":1,"minecraft:allium":1,"farmersdelight:rope":1,"minecraft:black_stained_glass":2,"minecraft:bucket":2},"minecraft:picked_up":{"minecraft:wooden_axe":1,"minecraft:cocoa_beans":66,"minecraft:allium":1,"minecraft:jungle_log":92,"minecraft:diamond_sword":1,"minecraft:jungle_fence":18,"minecraft:oak_log":7,"minecraft:shield":2,"minecraft:dirt":82,"minecraft:leather_boots":2,"minecraft:glass_pane":1,"minecraft:apple":131,"minecraft:wheat_seeds":9,"alexsmobs:banana":2,"minecraft:bucket":1,"minecraft:spore_blossom":2,"minecraft:white_tulip":3,"minecraft:jungle_sapling":12,"minecraft:poppy":1,"minecraft:bamboo":280,"minecraft:melon_slice":142,"supplementaries:rope":1,"minecraft:flowering_azalea":2,"minecraft:black_stained_glass":1,"minecraft:stick":29,"minecraft:sand":2,"minecraft:jungle_planks":24,"chipped:shuttered_waxed_weathered_copper":1,"createcafe:cassava_seeds":7,"minecraft:grass_block":128,"quark:oak_chest":1,"minecraft:dark_oak_log":1,"quark:lavender_blossom_sapling":1,"minecraft:rotten_flesh":4,"createcafe:coffee_beans":4,"minecraft:stone_axe":1,"minecraft:jungle_stairs":23,"minecraft:oak_sapling":6,"minecraft:cobblestone":142},"minecraft:killed":{"minecraft:cave_spider":1,"minecraft:spider":1,"minecraft:zombie":1},"minecraft:crafted":{"minecraft:jungle_button":1,"minecraft:oak_planks":20,"minecraft:crafting_table":1,"minecraft:wooden_pickaxe":2,"quark:jungle_chest":1,"minecraft:furnace":1,"minecraft:jungle_planks":44,"minecraft:charcoal":2,"minecraft:stick":16,"quark:oak_chest":1,"minecraft:stone_pickaxe":1,"minecraft:stone_sword":1,"minecraft:torch":8},"minecraft:killed_by":{"minecraft:player":1,"minecraft:cave_spider":3,"minecraft:spider":1},"minecraft:mined":{"minecraft:jungle_leaves":7,"minecraft:oak_fence":1,"minecraft:grass_block":26,"minecraft:poppy":1,"minecraft:melon":22,"minecraft:jungle_log":41,"minecraft:oak_planks":2,"minecraft:tall_seagrass":3,"minecraft:grass":35,"minecraft:oak_log":7,"minecraft:cocoa":18,"minecraft:vine":15,"minecraft:dirt":15,"minecraft:bamboo":5,"minecraft:stone":107,"minecraft:oak_leaves":10,"minecraft:fern":9},"minecraft:broken":{"minecraft:wooden_pickaxe":1},"minecraft:custom":{"minecraft:interact_with_furnace":5,"minecraft:mob_kills":3,"minecraft:interact_with_crafting_table":16,"minecraft:leave_game":3,"minecraft:time_since_death":5056,"minecraft:climb_one_cm":13901,"minecraft:time_since_rest":5086,"minecraft:sprint_one_cm":1189,"minecraft:damage_taken":1228,"minecraft:walk_one_cm":401893,"minecraft:drop":25,"minecraft:damage_dealt":908,"minecraft:fly_one_cm":383812,"minecraft:open_chest":42,"minecraft:crouch_one_cm":227,"minecraft:play_time":136472,"minecraft:deaths":10,"minecraft:sneak_time":619,"minecraft:walk_under_water_one_cm":25822,"minecraft:jump":802,"minecraft:walk_on_water_one_cm":41585,"minecraft:total_world_time":136472,"minecraft:fall_one_cm":7185}},"DataVersion":3120}