{"stats":{"minecraft:custom":{"minecraft:time_since_rest":2443,"minecraft:crouch_one_cm":460,"minecraft:play_time":5948,"minecraft:sprint_one_cm":869,"minecraft:walk_one_cm":25321,"minecraft:damage_taken":300,"minecraft:deaths":1,"minecraft:sneak_time":109,"minecraft:damage_blocked_by_shield":40,"minecraft:walk_under_water_one_cm":192,"minecraft:mob_kills":1,"minecraft:jump":64,"minecraft:damage_dealt":473,"minecraft:leave_game":1,"minecraft:walk_on_water_one_cm":934,"minecraft:time_since_death":2405,"minecraft:total_world_time":5948,"minecraft:climb_one_cm":3958,"minecraft:fall_one_cm":1020,"minecraft:fly_one_cm":644,"minecraft:player_kills":2},"minecraft:picked_up":{"minecraft:stick":5,"minecraft:wheat_seeds":2,"alexsmobs:banana":1,"createcafe:cassava_seeds":2,"minecraft:jungle_sapling":1,"minecraft:melon_slice":5,"alexsmobs:flying_fish":1},"minecraft:killed":{"alexsmobs:flying_fish":1},"minecraft:killed_by":{"minecraft:player":1},"minecraft:used":{"minecraft:wooden_sword":15,"minecraft:shield":1},"minecraft:mined":{"minecraft:grass":4,"minecraft:melon":1}},"DataVersion":3120}