{"stats":{"minecraft:killed":{"alexsmobs:lobster":1},"minecraft:dropped":{"minecraft:stone_axe":1,"minecraft:apple":192,"minecraft:grass_block":128,"quark:oak_chest":1},"minecraft:killed_by":{"minecraft:player":2,"minecraft:skeleton":1},"minecraft:used":{"minecraft:crimson_stem":7,"minecraft:jungle_leaves":138,"supplementaries:copper_lantern":16,"minecraft:dark_oak_sign":1,"minecraft:stone_pickaxe":4,"minecraft:stripped_warped_stem":15,"minecraft:chest":1,"minecraft:spruce_planks":10,"minecraft:wooden_pickaxe":10,"minecraft:ender_chest":1,"minecraft:stone":2,"minecraft:crafting_table":6,"minecraft:jungle_planks":9,"minecraft:warped_planks":5,"create:framed_glass_pane":8,"minecraft:big_dripleaf":6,"minecraft:creeper_spawn_egg":4,"minecraft:dark_oak_planks":18,"minecraft:wooden_axe":83,"minecraft:apple":5,"minecraft:dark_oak_log":18,"supplementaries:crimson_lantern":13,"minecraft:black_stained_glass_pane":25,"minecraft:iron_axe":135,"minecraft:grass_block":586,"minecraft:bread":2,"minecraft:dark_oak_slab":114,"minecraft:crimson_nylium":6,"minecraft:stone_axe":26,"minecraft:wooden_sword":8,"minecraft:cobblestone":5,"minecraft:black_stained_glass":51,"minecraft:dark_oak_fence":88,"quark:jungle_hedge":36,"alexsmobs:animal_dictionary":1},"minecraft:custom":{"minecraft:mob_kills":1,"minecraft:interact_with_crafting_table":19,"minecraft:leave_game":10,"minecraft:time_since_death":139534,"minecraft:climb_one_cm":7624,"minecraft:time_since_rest":139617,"minecraft:sprint_one_cm":74153,"minecraft:open_enderchest":2,"minecraft:damage_taken":1060,"minecraft:walk_one_cm":220961,"minecraft:drop":7,"minecraft:damage_dealt":370,"minecraft:swim_one_cm":1743,"minecraft:fly_one_cm":597737,"minecraft:player_kills":2,"minecraft:open_chest":9,"minecraft:crouch_one_cm":6779,"minecraft:play_time":160226,"minecraft:deaths":3,"minecraft:sneak_time":4955,"minecraft:walk_under_water_one_cm":48598,"minecraft:jump":823,"minecraft:walk_on_water_one_cm":43200,"minecraft:total_world_time":160226,"minecraft:fall_one_cm":16338},"minecraft:crafted":{"minecraft:wooden_sword":1,"minecraft:oak_planks":40,"minecraft:crafting_table":4,"minecraft:wooden_pickaxe":1,"minecraft:stone_axe":2,"minecraft:jungle_planks":172,"minecraft:stick":16,"quark:oak_chest":3,"minecraft:stone_pickaxe":1,"minecraft:wooden_axe":3},"minecraft:picked_up":{"minecraft:wooden_axe":1,"minecraft:cocoa_beans":18,"minecraft:crafting_table":5,"minecraft:jungle_log":141,"minecraft:jungle_fence":18,"minecraft:diamond_horse_armor":1,"minecraft:oak_log":10,"minecraft:string":1,"minecraft:dirt":19,"minecraft:apple":64,"minecraft:wheat_seeds":6,"alexsmobs:banana":1,"delightful:acorn":1,"minecraft:jungle_sapling":9,"minecraft:bamboo":113,"minecraft:melon_slice":4,"chipped:special_gilded_blackstone":1,"minecraft:stick":48,"minecraft:raw_iron":1,"minecraft:stone":1,"minecraft:jungle_planks":57,"chipped:shuttered_waxed_weathered_copper":1,"minecraft:sand":2,"createcafe:cassava_seeds":2,"quark:lavender_blossom_hedge":1,"minecraft:dark_oak_log":1,"quark:lavender_blossom_sapling":1,"minecraft:rotten_flesh":1,"createcafe:coffee_beans":4,"minecraft:jungle_stairs":23,"minecraft:mangrove_roots":1,"minecraft:oak_sapling":5,"minecraft:cobblestone":13},"minecraft:mined":{"minecraft:jungle_leaves":14,"minecraft:crafting_table":5,"minecraft:grass_block":4,"minecraft:jungle_planks":1,"minecraft:jungle_log":174,"minecraft:tall_seagrass":1,"minecraft:iron_ore":1,"minecraft:grass":10,"minecraft:oak_log":10,"minecraft:vine":28,"minecraft:dirt":15,"minecraft:stone":12,"minecraft:fern":2}},"DataVersion":3120}