{"stats":{"minecraft:used":{"farmersdelight:rope":2,"minecraft:creeper_spawn_egg":2,"minecraft:wooden_axe":78,"minecraft:melon_slice":3,"minecraft:jungle_fence":41,"quark:jungle_chest":1,"minecraft:jungle_stairs":23,"minecraft:bamboo":32,"minecraft:dirt":13,"minecraft:wooden_sword":61,"minecraft:crafting_table":2,"minecraft:jungle_planks":7},"minecraft:picked_up":{"minecraft:cocoa_beans":3,"minecraft:stick":20,"minecraft:allium":1,"minecraft:jungle_log":70,"minecraft:jungle_fence":3,"createcafe:cassava_seeds":7,"minecraft:shield":1,"minecraft:dark_oak_log":1,"quark:lavender_blossom_sapling":1,"minecraft:dirt":33,"alexsmobs:animal_dictionary":1,"minecraft:wooden_sword":1,"minecraft:leather_boots":1,"createcafe:coffee_beans":3,"minecraft:jungle_stairs":1,"alexsmobs:banana":1,"minecraft:wheat_seeds":6,"minecraft:creeper_spawn_egg":2,"delightful:acorn":1,"minecraft:bucket":1,"minecraft:spore_blossom":3,"farmersdelight:rope":3,"minecraft:jungle_sapling":8,"minecraft:bread":9,"minecraft:bamboo":251,"minecraft:oak_sapling":2,"minecraft:melon_slice":29,"minecraft:flowering_azalea":2},"minecraft:killed":{"minecraft:drowned":1},"minecraft:crafted":{"minecraft:crafting_table":2,"minecraft:stick":48,"quark:jungle_chest":1,"minecraft:wooden_axe":2,"minecraft:jungle_stairs":40,"minecraft:jungle_fence":45,"minecraft:jungle_planks":200},"minecraft:killed_by":{"minecraft:creeper":1},"minecraft:mined":{"minecraft:seagrass":2,"minecraft:jungle_fence":4,"farmersdelight:rope":2,"minecraft:jungle_stairs":1,"minecraft:grass":29,"minecraft:grass_block":18,"minecraft:vine":14,"minecraft:melon":2,"minecraft:cocoa":1,"minecraft:jungle_log":93,"minecraft:dirt":1,"minecraft:bamboo_sapling":1,"minecraft:bamboo":21,"minecraft:oak_leaves":1,"minecraft:fern":3},"minecraft:broken":{"minecraft:wooden_axe":1,"minecraft:wooden_sword":1},"minecraft:custom":{"minecraft:time_since_rest":583,"minecraft:sprint_one_cm":4091,"minecraft:damage_taken":3699,"minecraft:walk_one_cm":347126,"minecraft:mob_kills":1,"minecraft:damage_dealt":539,"minecraft:swim_one_cm":23593,"minecraft:interact_with_crafting_table":11,"minecraft:fly_one_cm":4640,"minecraft:open_chest":6,"minecraft:crouch_one_cm":209,"minecraft:play_time":85788,"minecraft:deaths":20,"minecraft:sneak_time":518,"minecraft:walk_under_water_one_cm":82228,"minecraft:jump":973,"minecraft:leave_game":2,"minecraft:time_since_death":561,"minecraft:walk_on_water_one_cm":58484,"minecraft:total_world_time":85788,"minecraft:climb_one_cm":10665,"minecraft:fall_one_cm":15350}},"DataVersion":3120}