{
  "idas:idas_root": {
    "criteria": {
      "always": "2024-04-22 02:19:56 +0000"
    },
    "done": true
  },
  "farmersdelight:main/root": {
    "criteria": {
      "seeds": "2024-04-22 02:19:56 +0000"
    },
    "done": true
  },
  "betterdungeons:root": {
    "criteria": {
      "always": "2024-04-22 02:19:56 +0000"
    },
    "done": true
  },
  "crabbersdelight:main/root": {
    "criteria": {
      "seeds": "2024-04-22 02:19:56 +0000"
    },
    "done": true
  },
  "minecraft:adventure/kill_a_mob": {
    "criteria": {
      "minecraft:spider": "2024-04-22 01:44:25 +0000"
    },
    "done": true
  },
  "create_dd:root": {
    "criteria": {
      "0": "2024-04-22 02:19:56 +0000"
    },
    "done": true
  },
  "cataclysm:root": {
    "criteria": {
      "custom_test_name": "2024-04-22 02:19:56 +0000"
    },
    "done": true
  },
  "minecraft:adventure/kill_all_mobs": {
    "criteria": {
      "minecraft:spider": "2024-04-22 01:44:25 +0000",
      "minecraft:cave_spider": "2024-04-23 03:09:55 +0000",
      "minecraft:zombie": "2024-04-23 03:36:19 +0000"
    },
    "done": false
  },
  "takesapillage:root": {
    "criteria": {
      "always": "2024-04-22 02:19:56 +0000"
    },
    "done": true
  },
  "extradelight:start": {
    "criteria": {
      "start": "2024-04-22 02:19:56 +0000"
    },
    "done": true
  },
  "create_connected:root": {
    "criteria": {
      "0": "2024-04-22 02:19:56 +0000"
    },
    "done": true
  },
  "minecraft:husbandry/balanced_diet": {
    "criteria": {
      "apple": "2024-04-23 03:16:18 +0000",
      "melon_slice": "2024-04-22 01:41:27 +0000"
    },
    "done": false
  },
  "quark:get_all_blossom_saplings": {
    "criteria": {
      "lavender": "2024-04-23 04:13:37 +0000"
    },
    "done": false
  },
  "toms_storage:unlock_glowstone": {
    "criteria": {
      "inv_changed-glowstone": "2024-04-22 02:19:56 +0000"
    },
    "done": true
  },
  "regions_unexplored:parent": {
    "criteria": {
      "load_in_world": "2024-04-22 02:19:57 +0000"
    },
    "done": true
  },
  "alexsmobs:alexsmobs/banana": {
    "criteria": {
      "banana": "2024-04-23 03:30:53 +0000"
    },
    "done": true
  },
  "minecraft:story/mine_stone": {
    "criteria": {
      "get_stone": "2024-04-22 01:37:58 +0000"
    },
    "done": true
  },
  "quark:get_diamond_heart": {
    "criteria": {
      "get_diamond_heart": "2024-04-23 04:38:22 +0000"
    },
    "done": true
  },
  "decoration_delight:decoration_101_advancement": {
    "criteria": {
      "decoration_101_advancement": "2024-04-22 02:19:56 +0000"
    },
    "done": true
  },
  "minecraft:adventure/adventuring_time": {
    "criteria": {
      "minecraft:bamboo_jungle": "2024-04-23 03:42:03 +0000",
      "minecraft:beach": "2024-04-22 01:31:41 +0000",
      "minecraft:sparse_jungle": "2024-04-23 04:42:39 +0000",
      "minecraft:river": "2024-04-23 03:41:01 +0000",
      "minecraft:jungle": "2024-04-22 01:31:12 +0000"
    },
    "done": false
  },
  "extradelight:food": {
    "criteria": {
      "food": "2024-04-22 02:21:21 +0000"
    },
    "done": true
  },
  "toms_storage:unlock_chest": {
    "criteria": {
      "inv_changed-chest": "2024-04-22 02:19:56 +0000"
    },
    "done": true
  },
  "create:root": {
    "criteria": {
      "0": "2024-04-22 02:19:56 +0000"
    },
    "done": true
  },
  "betterdeserttemples:root": {
    "criteria": {
      "always": "2024-04-22 02:19:56 +0000"
    },
    "done": true
  },
  "minecraft:husbandry/root": {
    "criteria": {
      "consumed_item": "2024-04-22 01:41:27 +0000"
    },
    "done": true
  },
  "toms_storage:unlock_netherite": {
    "criteria": {
      "inv_changed-netherite": "2024-04-22 02:19:56 +0000"
    },
    "done": true
  },
  "minecraft:story/shiny_gear": {
    "criteria": {
      "diamond_helmet": "2024-04-23 04:30:59 +0000"
    },
    "done": true
  },
  "toms_storage:unlock_dia_pearl": {
    "criteria": {
      "inv_changed-ender_pearl": "2024-04-22 02:19:56 +0000",
      "inv_changed-diamond": "2024-04-22 02:19:56 +0000"
    },
    "done": true
  },
  "minecraft:story/upgrade_tools": {
    "criteria": {
      "stone_pickaxe": "2024-04-23 03:07:32 +0000"
    },
    "done": true
  },
  "alexsmobs:alexsmobs/root": {
    "criteria": {
      "useitem": "2024-04-22 02:21:21 +0000"
    },
    "done": true
  },
  "minecraft:story/root": {
    "criteria": {
      "crafting_table": "2024-04-22 01:37:36 +0000"
    },
    "done": true
  },
  "minecraft:adventure/root": {
    "criteria": {
      "killed_by_something": "2024-04-22 01:41:30 +0000"
    },
    "done": true
  },
  "DataVersion": 3120
}