{
  "minecraft:adventure/adventuring_time": {
    "criteria": {
      "minecraft:old_growth_pine_taiga": "2024-04-24 20:49:12 +0000",
      "minecraft:taiga": "2024-04-24 20:48:38 +0000",
      "minecraft:beach": "2024-04-24 20:51:11 +0000",
      "minecraft:river": "2024-04-24 20:49:35 +0000",
      "minecraft:cold_ocean": "2024-04-24 20:51:00 +0000",
      "minecraft:forest": "2024-04-24 20:50:32 +0000",
      "minecraft:old_growth_spruce_taiga": "2024-04-24 20:49:16 +0000",
      "minecraft:plains": "2024-04-24 20:50:43 +0000"
    },
    "done": false
  },
  "DataVersion": 3120
}