{
  "idas:idas_root": {
    "criteria": {
      "always": "2024-04-23 03:28:42 +0000"
    },
    "done": true
  },
  "farmersdelight:main/root": {
    "criteria": {
      "seeds": "2024-04-23 03:28:42 +0000"
    },
    "done": true
  },
  "betterdungeons:root": {
    "criteria": {
      "always": "2024-04-23 03:28:42 +0000"
    },
    "done": true
  },
  "crabbersdelight:main/root": {
    "criteria": {
      "seeds": "2024-04-23 03:28:42 +0000"
    },
    "done": true
  },
  "create_dd:root": {
    "criteria": {
      "0": "2024-04-23 03:28:42 +0000"
    },
    "done": true
  },
  "minecraft:adventure/kill_a_mob": {
    "criteria": {
      "minecraft:drowned": "2024-04-23 03:41:43 +0000"
    },
    "done": true
  },
  "cataclysm:root": {
    "criteria": {
      "custom_test_name": "2024-04-23 03:28:42 +0000"
    },
    "done": true
  },
  "minecraft:adventure/kill_all_mobs": {
    "criteria": {
      "minecraft:drowned": "2024-04-23 03:41:43 +0000"
    },
    "done": false
  },
  "takesapillage:root": {
    "criteria": {
      "always": "2024-04-23 03:28:42 +0000"
    },
    "done": true
  },
  "extradelight:start": {
    "criteria": {
      "start": "2024-04-23 03:28:42 +0000"
    },
    "done": true
  },
  "create_connected:root": {
    "criteria": {
      "0": "2024-04-23 03:28:42 +0000"
    },
    "done": true
  },
  "minecraft:husbandry/balanced_diet": {
    "criteria": {
      "melon_slice": "2024-04-23 03:40:48 +0000"
    },
    "done": false
  },
  "quark:get_all_blossom_saplings": {
    "criteria": {
      "lavender": "2024-04-23 04:14:53 +0000"
    },
    "done": false
  },
  "toms_storage:unlock_glowstone": {
    "criteria": {
      "inv_changed-glowstone": "2024-04-23 03:28:42 +0000"
    },
    "done": true
  },
  "regions_unexplored:parent": {
    "criteria": {
      "load_in_world": "2024-04-23 03:28:43 +0000"
    },
    "done": true
  },
  "alexsmobs:alexsmobs/banana": {
    "criteria": {
      "banana": "2024-04-23 04:03:49 +0000"
    },
    "done": true
  },
  "minecraft:story/mine_stone": {
    "criteria": {
      "get_stone": "2024-04-23 03:34:35 +0000"
    },
    "done": true
  },
  "decoration_delight:decoration_101_advancement": {
    "criteria": {
      "decoration_101_advancement": "2024-04-23 03:28:42 +0000"
    },
    "done": true
  },
  "minecraft:adventure/adventuring_time": {
    "criteria": {
      "minecraft:bamboo_jungle": "2024-04-23 03:42:57 +0000",
      "minecraft:beach": "2024-04-23 03:29:17 +0000",
      "minecraft:river": "2024-04-23 03:41:06 +0000",
      "minecraft:jungle": "2024-04-23 03:28:43 +0000"
    },
    "done": false
  },
  "extradelight:food": {
    "criteria": {
      "food": "2024-04-23 03:40:48 +0000"
    },
    "done": true
  },
  "toms_storage:unlock_chest": {
    "criteria": {
      "inv_changed-chest": "2024-04-23 03:28:42 +0000"
    },
    "done": true
  },
  "create:root": {
    "criteria": {
      "0": "2024-04-23 03:28:42 +0000"
    },
    "done": true
  },
  "betterdeserttemples:root": {
    "criteria": {
      "always": "2024-04-23 03:28:42 +0000"
    },
    "done": true
  },
  "toms_storage:unlock_netherite": {
    "criteria": {
      "inv_changed-netherite": "2024-04-23 03:28:42 +0000"
    },
    "done": true
  },
  "minecraft:husbandry/root": {
    "criteria": {
      "consumed_item": "2024-04-23 03:40:48 +0000"
    },
    "done": true
  },
  "toms_storage:unlock_dia_pearl": {
    "criteria": {
      "inv_changed-ender_pearl": "2024-04-23 03:28:42 +0000",
      "inv_changed-diamond": "2024-04-23 03:28:42 +0000"
    },
    "done": true
  },
  "minecraft:story/upgrade_tools": {
    "criteria": {
      "stone_pickaxe": "2024-04-23 03:34:35 +0000"
    },
    "done": true
  },
  "minecraft:story/root": {
    "criteria": {
      "crafting_table": "2024-04-23 03:53:44 +0000"
    },
    "done": true
  },
  "minecraft:adventure/root": {
    "criteria": {
      "killed_something": "2024-04-23 03:41:43 +0000"
    },
    "done": true
  },
  "DataVersion": 3120
}